eid,First Name,Last Name,Gender,Department,Salary,E Mail,Date of Birth,Weight in Kgs.,Height in inches,Rating,Phone No. ,City,State,Zip
677509,Lois,Walker,F,Sales,"$88,050 ",lois.walker@hotmail.com,3/29/1981,60,,Very Good,303-572-8492,Denver,CO,80224
940761,Brenda,Robinson,F,Engineering,"$68,220 ",brenda.robinson@gmail.com,7/31/1970,60,,Good,225-945-4954,Stonewall,LA,71078
428945,Joe,Robinson,M,NULL,"$118,440 ",joe.robinson@gmail.com,6/16/1963,68,,Not Rated,219-904-2161,Michigantown,IN,46057
408351,Diane,Evans,F,Legal,"$56,370 ",diane.evans@yahoo.com,12-04-1977,51,,Very Good,215-793-6791,Hydetown,PA,16328
193819,Benjamin,Russell,M,Support,"$107,090 ",benjamin.russell@charter.net,4/17/1977,58,,Poor,262-404-2252,Fremont,WI,54940
499687,Patrick,Bailey,M,Support,"$108,450 ",patrick.bailey@aol.com,9/27/1982,58,,Poor,319-812-6957,Macksburg,IA,50155
539712,Nancy,Baker,F,Human Resources,"$41,160 ",nancy.baker@bp.com,6/13/1995,50,,Average,229-336-5117,Atlanta,GA,30334
380086,Carol,Murphy,F,Legal,"$109,000 ",carol.murphy@gmail.com,6/30/1958,40,,Very Good,216-336-0009,Blanchester,OH,45107
477616,Frances,Young,F,Services,,frances.young@gmail.com,06-09-1959,42,,Average,210-819-9765,Delmita,TX,78536
162402,Diana,Peterson,F,Support,"$43,020 ",diana.peterson@hotmail.co.uk,11/13/1987,60,,Average,479-783-5656,Eureka Springs,AR,72632
231469,Ralph,Flores,M,Business Development,"$37,800 ",ralph.flores@yahoo.com,02-05-1975,80,,Average,316-280-2864,Sabetha,KS,66534
153989,Jack,Alexander,M,Sales,"$88,380 ",jack.alexander@gmail.com,5/19/1995,61,,Average,702-603-3769,Las Vegas,NV,89170
386158,Melissa,King,F,Product Management,"$84,420 ",melissa.king@comcast.net,2/24/1972,55,,Average,216-605-3731,New Matamoras,OH,45767
301576,Wayne,Watson,M,Legal,"$101,760 ",wayne.watson@gmail.com,6/26/1996,87,,Good,701-231-9370,Maida,ND,58255
441771,Cheryl,Scott,F,Sales,"$110,780 ",cheryl.scott@gmail.com,2/23/1958,47,,Poor,215-288-9345,Quecreek,PA,15555
528509,Paula,Diaz,F,Human Resources,"$68,430 ",paula.diaz@gmail.com,8/22/1966,42,,Good,252-531-7641,Beulaville,NC,28518
912990,Joshua,Stewart,M,Training,"$105,370 ",joshua.stewart@yahoo.ca,5/18/1970,68,,Good,217-279-9342,New Douglas,IL,62074
214352,Theresa,Lee,F,Engineering,"$113,800 ",theresa.lee@gmail.com,12-05-1992,59,,Average,319-553-8919,Toeterville,IA,50481
890290,Julia,Scott,F,Sales,"$76,300 ",julia.scott@apple.com,7/15/1959,56,,Average,423-939-1010,Primm Springs,TN,38476
622406,Thomas,Lewis,M,Sales,"$44,530 ",thomas.lewis@gmail.com,10-04-1967,73,,Average,314-679-3697,Dutchtown,MO,63745
979607,Carol,Edwards,F,Legal,"$63,710 ",carol.edwards@msn.com,12/14/1994,56,,Average,225-283-4295,Shreveport,LA,71162
969580,Matthew,Turner,M,Product Management,"$62,780 ",matthew.turner@gmail.com,10/26/1993,56,,Very Good,236-972-7624,Heathsville,VA,22473
426038,Joan,Stewart,F,Training,"$119,750 ",joan.stewart@yahoo.com,11/20/1972,56,,Average,216-637-6800,Middleport,OH,45760
388642,Ruby,Rogers,F,Research and Development,"$116,980 ",ruby.rogers@gmail.com,05-01-1980,59,,Very Poor,423-231-6507,Woodbury,TN,37190
560455,Carolyn,Hayes,F,Accounting,"$35,940 ",carolyn.hayes@hotmail.co.uk,03-10-1958,53,,Good,239-882-8784,Saint Cloud,FL,34771
477253,Anne,Russell,F,Services,"$109,040 ",anne.russell@ibm.com,7/29/1989,60,,Average,605-635-1306,Stockholm,SD,57264
263480,Daniel,Cooper,M,Services,"$109,160 ",daniel.cooper@yahoo.com,01-01-1990,60,,Good,701-510-8162,Manning,ND,58642
683826,Roger,Roberts,M,Human Resources,"$75,540 ",roger.roberts@gmail.com,07-07-1969,77,,Average,206-497-3141,Mount Vernon,WA,98273
474599,Maria,Walker,F,Engineering,"$30,000 ",maria.walker@microsoft.com,3/19/1975,41,,Average,423-668-5506,Lawrenceburg,TN,38464
335732,Brenda,Butler,F,Sales,"$76,210 ",brenda.butler@gmail.com,12-06-1963,41,,Good,480-814-8284,Mesa,AZ,85208
329752,Lillian,Brown,F,NULL,"$112,650 ",lillian.brown@aol.com,05-12-1981,49,,Average,239-812-9041,Panacea,FL,32346
893212,Amy,Howard,F,Legal,"$108,460 ",amy.howard@aol.com,6/16/1981,52,,Good,803-613-3168,Kline,SC,29814
621833,Gregory,Edwards,M,Research and Development,"$69,070 ",gregory.edwards@outlook.com,8/31/1993,64,,Poor,503-256-9654,Bonanza,OR,97623
456747,Roy,Griffin,M,Business Development,"$116,520 ",roy.griffin@yahoo.com,05-08-1991,62,,Good,219-506-9378,Liberty,IN,47353
278556,Richard,Mitchell,M,Research and Development,"$96,560 ",richard.mitchell@verizon.net,7/28/1993,81,,Not Rated,205-621-5884,Ohatchee,AL,36271
333476,Mary,Wilson,F,Human Resources,"$36,460 ",mary.wilson@sbcglobal.net,12-01-1967,54,,Good,423-937-8660,Nashville,TN,37219
218791,Aaron,Price,M,Training,"$50,950 ",aaron.price@bp.com,02-10-1969,56,,Good,219-287-8926,Eckerty,IN,47116
134841,Donna,Brown,F,Marketing,"$75,440 ",donna.brown@aol.com,9/14/1983,57,,Average,212-434-7910,Lima,NY,14485
726264,Carl,Collins,M,Sales,"$84,760 ",carl.collins@yahoo.com,12/22/1973,90,,Average,479-740-7633,Wright,AR,72182
766610,Joyce,Jenkins,F,Engineering,"$82,240 ",joyce.jenkins@aol.com,8/22/1961,44,,Poor,262-455-4187,Ellsworth,WI,54011
923947,Mary,Bryant,F,Human Resources,"$28,330 ",mary.bryant@verizon.net,6/21/1962,45,,Very Poor,319-827-3516,Conroy,IA,52220
227922,Amanda,Hughes,F,Human Resources,"$60,580 ",amanda.hughes@rediffmail.com,7/29/1982,40,,Very Good,225-544-9700,Lake Charles,LA,70605
265813,Jack,Campbell,M,Support,"$45,510 ",jack.campbell@gmail.com,01-04-1985,50,,Very Good,316-499-5737,Kalvesta,KS,67856
247137,Alan,Rivera,M,Human Resources,"$110,770 ",alan.rivera@apple.com,12-11-1978,80,,Good,423-277-6819,Knoxville,TN,37901
407061,Elizabeth,Jackson,F,Product Management,"$86,920 ",elizabeth.jackson@aol.com,8/15/1964,56,,Average,603-568-6118,Rochester,NH,3867
226714,Nancy,Davis,F,Training,"$84,680 ",nancy.davis@ibm.com,11/14/1983,52,,Good,219-610-3067,Bowling Green,IN,47833
702813,Ernest,Martinez,M,Research and Development,"$36,860 ",ernest.martinez@gmail.com,11-09-1989,53,,Poor,479-951-4138,Uniontown,AR,72955
524896,Judy,Hernandez,F,Sales,"$114,010 ",judy.hernandez@gmail.com,3/25/1961,40,,Average,316-736-6126,Topeka,KS,66606
363065,Nancy,Jones,F,Services,"$54,130 ",nancy.jones@gmail.com,11-10-1993,60,,Very Poor,212-825-1930,New York City,NY,10087
879753,Pamela,Wright,F,Product Management,"$81,720 ",pamela.wright@aol.com,4/14/1996,47,,Very Good,307-329-8832,Banner,WY,82832
958326,Larry,Miller,M,Human Resources,"$84,470 ",larry.miller@shell.com,10/31/1988,75,,Average,217-574-9283,East Saint Louis,IL,62201
447813,Ann,Coleman,F,Marketing,"$114,600 ",ann.coleman@ibm.com,05-11-1989,41,,Good,319-994-4179,Hancock,IA,51536
525955,Judy,Gonzales,F,Training,"$114,690 ",judy.gonzales@gmail.com,6/17/1959,51,,Very Poor,201-640-8645,Eatontown,NJ,7724
818384,Peter,Washington,M,Engineering,"$57,350 ",peter.washington@bp.com,11-06-1982,70,,Good,231-322-0316,Portage,MI,49024
971640,Clarence,Ross,M,Accounting,"$51,200 ",clarence.ross@apple.com,12/13/1960,64,,Poor,423-772-0118,Oneida,TN,37841
253573,Sharon,Lopez,F,Human Resources,"$85,260 ",sharon.lopez@gmail.com,05-04-1991,43,,Poor,304-934-5548,Bartley,WV,24813
904898,Ann,Cooper,F,Services,"$71,230 ",ann.cooper@exxonmobil.com,12/25/1992,44,,Very Poor,406-278-6460,Arlee,MT,59821
515103,Anne,Perez,F,Product Management,"$107,660 ",anne.perez@sbcglobal.net,05-05-1958,48,,Good,423-837-3338,Cookeville,TN,38505
491943,Nancy,Howard,F,Engineering,"$75,230 ",nancy.howard@gmail.com,05-05-1961,45,,Poor,236-973-8086,Saxe,VA,23967
750173,Antonio,Roberts,M,Marketing,"$108,080 ",antonio.roberts@hotmail.com,8/27/1995,82,,Average,205-267-7304,Mc Calla,AL,35111
687017,Frances,Watson,F,Legal,"$28,480 ",frances.watson@outlook.com,1/30/1961,42,,Good,406-530-8069,Trego,MT,59934
241882,Debra,Wood,F,Support,"$56,620 ",debra.wood@hotmail.com,10/30/1969,54,,Average,308-646-6219,Blair,NE,68009
758872,Henry,Jenkins,M,NULL,"$87,900 ",henry.jenkins@hotmail.com,11-06-1984,70,,Average,314-731-7135,Riverside,MO,64150
940922,Melissa,Butler,F,Sales,"$103,550 ",melissa.butler@hotmail.com,11/14/1994,55,,Average,308-827-9016,Maxwell,NE,69151
917937,Todd,Hall,M,Business Development,"$78,500 ",todd.hall@yahoo.com,8/31/1991,74,,Very Good,240-513-8668,Randallstown,MD,21133
917395,Christopher,Nelson,M,Legal,"$93,930 ",christopher.nelson@aol.com,3/29/1960,62,,Good,480-946-9780,Willow Beach,AZ,86445
183071,Andrea,Garcia,F,NULL,"$114,770 ",andrea.garcia@aol.com,07-06-1985,52,,Average,219-624-3708,Granger,IN,46530
316110,Jeremy,Sanchez,M,NULL,"$73,530 ",jeremy.sanchez@hotmail.com,02-05-1965,52,,Average,423-974-2755,Alcoa,TN,37701
293459,Steven,Phillips,M,Training,"$55,310 ",steven.phillips@hotmail.com,09-12-1986,58,,Very Poor,225-968-5952,Baton Rouge,LA,70833
732017,Cynthia,Ramirez,F,Research and Development,"$49,670 ",cynthia.ramirez@btinternet.com,9/22/1982,47,,Poor,406-961-7340,Browning,MT,59417
915638,Jason,Anderson,M,Support,,jason.anderson@gmail.com,01-03-1974,57,,Good,217-856-6752,Hudson,IL,61748
478003,Cynthia,White,F,Product Management,"$40,770 ",cynthia.white@gmail.com,6/15/1963,60,,Average,314-593-3092,Kansas City,MO,64133
951225,Margaret,Brooks,F,Product Management,"$106,780 ",margaret.brooks@gmail.com,6/27/1992,56,,Poor,303-960-0117,Haswell,CO,81045
883936,Douglas,Flores,M,Human Resources,"$100,730 ",douglas.flores@gmail.com,4/21/1986,61,,Average,303-836-4721,Eckert,CO,81418
528673,Paul,Watson,M,Services,"$74,620 ",paul.watson@hotmail.com,03-09-1959,60,,Poor,270-556-7711,Blue River,KY,41607
765850,Linda,Moore,F,Product Management,"$40,450 ",linda.moore@gmail.com,8/18/1991,40,,Average,215-793-7095,Albion,PA,16401
262382,Cheryl,Miller,F,Services,"$60,560 ",cheryl.miller@ntlworld.com,4/20/1985,48,,Average,270-880-3858,Bays,KY,41310
870820,Martha,Washington,F,Legal,"$114,900 ",martha.washington@aol.com,3/28/1991,54,,Average,405-945-0242,Nardin,OK,74646
806955,William,Hernandez,M,Human Resources,"$69,860 ",william.hernandez@rediffmail.com,7/22/1967,50,,Average,239-276-0532,Mary Esther,FL,32569
325319,Carolyn,Price,F,Services,"$51,320 ",carolyn.price@yahoo.com,5/30/1976,60,,Very Poor,217-409-4338,Wheaton,IL,60189
623253,Ruby,Stewart,F,Training,"$103,600 ",ruby.stewart@gmail.com,10/23/1968,48,,Good,218-445-2369,Margie,MN,56658
225925,Paul,Cooper,M,Marketing,"$53,540 ",paul.cooper@gmail.com,08-12-1991,68,,Poor,210-984-4722,Glidden,TX,78943
761821,Ernest,Washington,M,Sales,"$98,740 ",ernest.washington@msn.com,10/28/1984,87,,Poor,212-596-1659,Saranac Lake,NY,12983
400173,Dorothy,Edwards,F,Support,"$115,090 ",dorothy.edwards@hotmail.co.uk,1/19/1984,57,,Average,215-902-6888,Philadelphia,PA,19132
802554,Ryan,Alexander,M,Marketing,"$51,910 ",ryan.alexander@shell.com,08-01-1993,65,,Good,225-395-3347,Jarreau,LA,70749
476433,Lillian,Mitchell,F,Accounting,"$34,080 ",lillian.mitchell@shaw.ca,10/23/1974,55,,Not Rated,316-876-1484,Wichita,KS,67214
533952,Kelly,Adams,F,Services,"$88,690 ",kelly.adams@bp.com,5/23/1975,53,,Poor,405-418-0037,Meno,OK,73760
623929,Jimmy,Howard,M,Human Resources,"$35,940 ",jimmy.howard@yahoo.com,11/27/1966,87,,Average,212-855-9316,Oriskany,NY,13424
844177,Margaret,Allen,F,Legal,"$109,190 ",margaret.allen@gmail.com,09-08-1981,43,,Average,216-697-6987,Richmond Dale,OH,45673
212893,Janet,Henderson,F,Marketing,"$89,610 ",janet.henderson@ntlworld.com,12/24/1979,60,,Good,239-769-6347,Miami,FL,33166
185032,Eugene,Perez,M,Support,"$109,760 ",eugene.perez@exxonmobil.com,10-06-1979,59,,Good,262-472-7112,Racine,WI,53490
867084,Deborah,Smith,F,Marketing,"$108,390 ",deborah.smith@yahoo.com,10/31/1977,54,,Poor,907-279-8694,Atqasuk,AK,99791
969964,Janice,Parker,F,Research and Development,"$29,880 ",janice.parker@yahoo.com,01-12-1980,56,,Very Poor,314-842-5984,Whiteman Air Force Base,MO,65305
158666,Rebecca,Stewart,F,Support,"$68,090 ",rebecca.stewart@gmail.com,08-11-1961,55,,Average,209-233-7631,Independence,CA,93526
489424,Phillip,White,M,Services,"$87,210 ",phillip.white@gmail.com,03-04-1978,82,,Not Rated,503-668-6592,Mapleton,OR,97453
639892,Jose,Hill,M,Engineering,"$90,800 ",jose.hill@hotmail.com,10-08-1994,89,,Average,228-245-5000,Biloxi,MS,39532
704709,Harold,Nelson,M,Training,"$102,930 ",harold.nelson@gmail.com,12/24/1984,77,,Good,217-555-9216,Carol Stream,IL,60351
461593,Nicole,Ward,F,Engineering,,nicole.ward@yahoo.com,12-12-1964,60,,Average,231-761-7861,Detroit,MI,48278
392491,Theresa,Murphy,F,Product Management,"$29,080 ",theresa.murphy@gmail.com,12/30/1987,57,,Average,907-356-1555,Mc Grath,AK,99627
495141,Tammy,Young,F,Research and Development,"$44,450 ",tammy.young@comcast.net,3/22/1979,55,,Very Good,231-290-3075,Alma,MI,48801
,,,,Services,"$97,120 ",,,,,Average,,,,
,,,,Support,"$58,840 ",,,,,Average,,,,
,,,,Business Development,"$77,060 ",,,,,Good,,,,
,,,,NULL,"$81,180 ",,,,,Average,,,,
,,,,Support,"$90,080 ",,,,,Average,,,,
,,,,Product Management,,,,,,Average,,,,
,,,,Product Management,"$35,830 ",,,,,Average,,,,
,,,,Legal,"$37,110 ",,,,,Average,,,,
,,,,Training,"$112,780 ",,,,,Poor,,,,
,,,,Engineering,"$96,000 ",,,,,Average,,,,
,,,,Product Management,"$112,550 ",,,,,Average,,,,
,,,,Training,"$88,330 ",,,,,Poor,,,,
,,,,Training,"$116,770 ",,,,,Good,,,,
,,,,Marketing,"$40,270 ",,,,,Average,,,,
,,,,Business Development,,,,,,Average,,,,
,,,,Business Development,"$96,640 ",,,,,Very Good,,,,
,,,,Business Development,"$118,100 ",,,,,Average,,,,
,,,,Engineering,"$43,600 ",,,,,Average,,,,
,,,,Legal,"$54,520 ",,,,,Poor,,,,
,,,,Research and Development,"$57,750 ",,,,,Average,,,,
,,,,Training,"$99,970 ",,,,,Average,,,,
,,,,Sales,"$62,200 ",,,,,Very Good,,,,
,,,,Human Resources,"$42,990 ",,,,,Average,,,,
,,,,Support,"$117,810 ",,,,,Average,,,,
,,,,Services,"$58,130 ",,,,,Average,,,,
,,,,Services,"$86,840 ",,,,,Average,,,,
,,,,Accounting,,,,,,Average,,,,
,,,,Product Management,"$41,700 ",,,,,Good,,,,
,,,,Legal,,,,,,Average,,,,
,,,,Human Resources,"$72,880 ",,,,,Average,,,,
,,,,Research and Development,"$49,670 ",,,,,Good,,,,
,,,,Accounting,"$117,150 ",,,,,Average,,,,
,,,,Human Resources,"$97,020 ",,,,,Poor,,,,
,,,,Training,"$67,510 ",,,,,Not Rated,,,,
,,,,Human Resources,"$34,830 ",,,,,Average,,,,
,,,,Legal,"$38,730 ",,,,,Average,,,,
,,,,Services,"$96,790 ",,,,,Good,,,,
,,,,Engineering,"$68,040 ",,,,,Good,,,,
,,,,Business Development,"$88,510 ",,,,,Average,,,,
,,,,Human Resources,"$65,350 ",,,,,Very Poor,,,,
,,,,Product Management,"$52,000 ",,,,,Not Rated,,,,
,,,,Human Resources,"$85,740 ",,,,,Average,,,,
,,,,Research and Development,"$92,500 ",,,,,Good,,,,
,,,,Sales,"$80,770 ",,,,,Very Good,,,,
,,,,Product Management,"$67,820 ",,,,,Not Rated,,,,
,,,,Human Resources,"$41,160 ",,,,,Good,,,,
,,,,Engineering,"$48,060 ",,,,,Poor,,,,
,,,,Training,"$56,830 ",,,,,Very Good,,,,
,,,,Product Management,"$72,500 ",,,,,Very Poor,,,,
,,,,Services,"$57,080 ",,,,,Average,,,,
,,,,Product Management,"$104,080 ",,,,,Very Poor,,,,
,,,,Marketing,,,,,,Not Rated,,,,
,,,,Legal,"$29,770 ",,,,,Good,,,,
,,,,Legal,"$48,690 ",,,,,Average,,,,
,,,,Research and Development,"$70,080 ",,,,,Very Poor,,,,
,,,,Business Development,"$88,510 ",,,,,Poor,,,,
,,,,Business Development,"$69,190 ",,,,,Average,,,,
,,,,Services,"$37,920 ",,,,,Average,,,,
,,,,Accounting,"$89,120 ",,,,,Good,,,,
,,,,Legal,"$48,140 ",,,,,Very Good,,,,
,,,,Support,"$69,340 ",,,,,Average,,,,
,,,,Human Resources,"$71,330 ",,,,,Very Good,,,,
,,,,Marketing,"$67,620 ",,,,,Good,,,,
,,,,Product Management,"$69,740 ",,,,,Not Rated,,,,
,,,,Engineering,"$44,300 ",,,,,Good,,,,
,,,,Business Development,"$40,560 ",,,,,Poor,,,,
,,,,Sales,"$115,230 ",,,,,Good,,,,
,,,,Training,"$39,750 ",,,,,Average,,,,
,,,,Human Resources,"$72,880 ",,,,,Average,,,,
,,,,Research and Development,"$108,970 ",,,,,Average,,,,
,,,,Engineering,"$112,570 ",,,,,Poor,,,,
,,,,Accounting,"$56,810 ",,,,,Poor,,,,
,,,,Business Development,"$42,950 ",,,,,Poor,,,,
,,,,Services,"$42,820 ",,,,,Average,,,,
,,,,Sales,"$57,080 ",,,,,Average,,,,
,,,,Marketing,"$101,670 ",,,,,Average,,,,
,,,,Marketing,"$104,750 ",,,,,Average,,,,
,,,,Engineering,"$43,330 ",,,,,Very Good,,,,
,,,,Accounting,"$61,430 ",,,,,Poor,,,,
,,,,Product Management,"$105,800 ",,,,,Very Good,,,,
,,,,Training,"$99,470 ",,,,,Good,,,,
,,,,Accounting,"$68,890 ",,,,,Good,,,,
,,,,NULL,"$58,860 ",,,,,Average,,,,
,,,,Engineering,"$86,940 ",,,,,Average,,,,
,,,,Support,"$118,120 ",,,,,Average,,,,
,,,,Marketing,"$91,120 ",,,,,Poor,,,,
,,,,Research and Development,"$41,420 ",,,,,Good,,,,
,,,,Training,"$86,010 ",,,,,Average,,,,
,,,,Support,"$30,080 ",,,,,Average,,,,
,,,,Accounting,"$96,800 ",,,,,Average,,,,
,,,,Legal,"$31,090 ",,,,,Average,,,,
,,,,Training,"$96,140 ",,,,,Good,,,,
,,,,Research and Development,"$98,640 ",,,,,Good,,,,
,,,,Sales,"$71,510 ",,,,,Good,,,,
,,,,Legal,"$86,490 ",,,,,Poor,,,,
,,,,Engineering,"$103,240 ",,,,,Good,,,,
,,,,Sales,"$47,550 ",,,,,Average,,,,
,,,,Sales,"$78,490 ",,,,,Average,,,,
,,,,Engineering,"$61,050 ",,,,,Average,,,,
,,,,Product Management,"$36,370 ",,,,,Good,,,,
,,,,Business Development,"$47,290 ",,,,,Average,,,,
,,,,Sales,"$79,650 ",,,,,Good,,,,
,,,,Product Management,"$119,660 ",,,,,Average,,,,
,,,,Support,"$43,200 ",,,,,Average,,,,
,,,,Product Management,"$89,830 ",,,,,Very Good,,,,
,,,,Accounting,"$91,500 ",,,,,Poor,,,,
,,,,Services,"$29,670 ",,,,,Very Good,,,,
,,,,Support,"$75,720 ",,,,,Very Poor,,,,
,,,,NULL,"$34,830 ",,,,,Poor,,,,
,,,,Services,"$81,900 ",,,,,Average,,,,
,,,,Human Resources,"$42,380 ",,,,,Good,,,,
,,,,Marketing,"$32,620 ",,,,,Good,,,,
,,,,Marketing,"$72,040 ",,,,,Average,,,,
,,,,Product Management,"$77,740 ",,,,,Good,,,,
,,,,Business Development,"$102,140 ",,,,,Average,,,,
,,,,Legal,"$48,630 ",,,,,Not Rated,,,,
,,,,Legal,"$105,960 ",,,,,Poor,,,,
,,,,Research and Development,"$97,400 ",,,,,Good,,,,
,,,,Human Resources,"$99,450 ",,,,,Average,,,,
,,,,Accounting,"$82,670 ",,,,,Average,,,,
,,,,Marketing,"$99,200 ",,,,,Very Good,,,,
,,,,Legal,"$111,480 ",,,,,Poor,,,,
,,,,Research and Development,"$84,940 ",,,,,Poor,,,,
,,,,Support,"$95,340 ",,,,,Poor,,,,
,,,,Product Management,"$47,960 ",,,,,Poor,,,,
,,,,Research and Development,"$56,710 ",,,,,Average,,,,
,,,,Human Resources,"$71,180 ",,,,,Good,,,,
,,,,Training,,,,,,Average,,,,
,,,,Research and Development,"$78,180 ",,,,,Very Good,,,,
,,,,Training,"$84,750 ",,,,,Average,,,,
,,,,Legal,"$98,970 ",,,,,Not Rated,,,,
,,,,Product Management,"$76,560 ",,,,,Good,,,,
,,,,Support,,,,,,Average,,,,
,,,,Sales,"$35,930 ",,,,,Average,,,,
,,,,Sales,"$104,410 ",,,,,Average,,,,
,,,,Sales,"$84,600 ",,,,,Very Poor,,,,
,,,,Product Management,"$68,800 ",,,,,Poor,,,,
,,,,NULL,"$38,660 ",,,,,Good,,,,
,,,,Human Resources,"$86,560 ",,,,,Average,,,,
,,,,Support,"$107,340 ",,,,,Average,,,,
,,,,Legal,"$111,050 ",,,,,Very Good,,,,
,,,,Human Resources,,,,,,Average,,,,
,,,,Training,"$75,320 ",,,,,Very Poor,,,,
,,,,Legal,"$57,910 ",,,,,Average,,,,
,,,,Legal,"$29,490 ",,,,,Not Rated,,,,
,,,,Human Resources,"$52,670 ",,,,,Average,,,,
,,,,Accounting,"$48,530 ",,,,,Average,,,,
,,,,Research and Development,"$105,470 ",,,,,Average,,,,
,,,,Training,"$98,200 ",,,,,Poor,,,,
,,,,Human Resources,"$106,190 ",,,,,Very Good,,,,
,,,,Sales,"$52,610 ",,,,,Poor,,,,
,,,,Legal,"$63,450 ",,,,,Good,,,,
,,,,Accounting,"$74,710 ",,,,,Good,,,,
,,,,Sales,"$60,330 ",,,,,Average,,,,
,,,,Sales,"$61,010 ",,,,,Average,,,,
,,,,Accounting,"$76,300 ",,,,,Not Rated,,,,
,,,,Marketing,"$117,020 ",,,,,Average,,,,
,,,,Marketing,"$77,130 ",,,,,Very Poor,,,,
,,,,Human Resources,"$106,930 ",,,,,Average,,,,
,,,,Engineering,"$62,090 ",,,,,Very Good,,,,
,,,,Marketing,"$61,330 ",,,,,Average,,,,
,,,,Training,"$41,600 ",,,,,Not Rated,,,,
,,,,Marketing,"$105,870 ",,,,,Very Poor,,,,
,,,,Human Resources,"$118,300 ",,,,,Average,,,,
,,,,Research and Development,"$99,680 ",,,,,Good,,,,
,,,,Sales,"$101,500 ",,,,,Good,,,,
,,,,Human Resources,"$46,160 ",,,,,Average,,,,
,,,,Sales,"$41,930 ",,,,,Average,,,,
,,,,Business Development,"$73,360 ",,,,,Average,,,,
,,,,Services,"$119,550 ",,,,,Good,,,,
,,,,Human Resources,"$53,240 ",,,,,Good,,,,
,,,,Business Development,"$90,880 ",,,,,Average,,,,
,,,,Research and Development,"$44,450 ",,,,,Very Poor,,,,
,,,,Support,"$47,670 ",,,,,Average,,,,
,,,,NULL,"$111,420 ",,,,,Not Rated,,,,
,,,,Training,"$47,760 ",,,,,Average,,,,
,,,,Product Management,"$47,650 ",,,,,Good,,,,
,,,,Services,"$103,360 ",,,,,Very Good,,,,
,,,,Human Resources,"$48,530 ",,,,,Poor,,,,
,,,,Marketing,"$72,160 ",,,,,Average,,,,
,,,,Business Development,"$60,800 ",,,,,Average,,,,
,,,,Services,"$74,010 ",,,,,Average,,,,
,,,,Services,"$60,760 ",,,,,Very Good,,,,
,,,,Engineering,"$74,550 ",,,,,Average,,,,
,,,,Engineering,"$32,500 ",,,,,Poor,,,,
,,,,Business Development,"$110,040 ",,,,,Good,,,,
,,,,Legal,"$99,750 ",,,,,Average,,,,
,,,,Human Resources,"$92,470 ",,,,,Average,,,,
,,,,Engineering,"$109,980 ",,,,,Average,,,,
,,,,Legal,"$41,790 ",,,,,Average,,,,
,,,,Support,"$86,360 ",,,,,Very Poor,,,,
,,,,Human Resources,"$65,570 ",,,,,Very Good,,,,
,,,,Accounting,"$69,160 ",,,,,Very Good,,,,
,,,,Product Management,"$41,570 ",,,,,Good,,,,
,,,,Sales,"$83,400 ",,,,,Poor,,,,
,,,,Business Development,"$67,660 ",,,,,Very Poor,,,,
,,,,Product Management,"$34,470 ",,,,,Good,,,,
,,,,Sales,"$38,240 ",,,,,Not Rated,,,,
,,,,Engineering,"$78,380 ",,,,,Very Poor,,,,
,,,,Business Development,"$72,500 ",,,,,Average,,,,
,,,,Engineering,"$115,640 ",,,,,Average,,,,
,,,,NULL,"$46,250 ",,,,,Average,,,,
,,,,Product Management,"$82,120 ",,,,,Average,,,,
,,,,Services,"$108,160 ",,,,,Good,,,,
,,,,Sales,"$108,360 ",,,,,Average,,,,
,,,,Human Resources,"$77,840 ",,,,,Poor,,,,
,,,,Services,"$85,180 ",,,,,Poor,,,,
,,,,Business Development,"$85,920 ",,,,,Poor,,,,
,,,,Human Resources,"$106,490 ",,,,,Average,,,,
,,,,Legal,"$38,520 ",,,,,Poor,,,,
,,,,Training,"$49,530 ",,,,,Average,,,,
,,,,Product Management,"$29,610 ",,,,,Average,,,,
,,,,Training,"$84,170 ",,,,,Good,,,,
,,,,Support,"$92,190 ",,,,,Average,,,,
,,,,NULL,"$82,240 ",,,,,Average,,,,
,,,,Human Resources,"$87,850 ",,,,,Good,,,,
,,,,Business Development,"$43,700 ",,,,,Average,,,,
,,,,Services,"$88,690 ",,,,,Not Rated,,,,
,,,,Marketing,"$31,820 ",,,,,Average,,,,
,,,,Marketing,"$70,230 ",,,,,Average,,,,
,,,,Legal,"$96,320 ",,,,,Average,,,,
,,,,Legal,"$90,700 ",,,,,Very Poor,,,,
,,,,Services,"$67,960 ",,,,,Average,,,,
,,,,Services,"$103,110 ",,,,,Good,,,,
,,,,Engineering,"$59,610 ",,,,,Good,,,,
,,,,Legal,"$66,570 ",,,,,Poor,,,,
,,,,Accounting,"$74,390 ",,,,,Average,,,,
,,,,Engineering,"$67,010 ",,,,,Good,,,,
,,,,Research and Development,"$109,710 ",,,,,Average,,,,
,,,,Product Management,"$110,910 ",,,,,Average,,,,
,,,,Legal,"$29,770 ",,,,,Very Good,,,,
,,,,Support,"$80,060 ",,,,,Very Good,,,,
,,,,Training,"$99,750 ",,,,,Average,,,,
,,,,Sales,"$108,250 ",,,,,Average,,,,
,,,,Product Management,"$104,340 ",,,,,Average,,,,
,,,,Product Management,"$38,440 ",,,,,Average,,,,
,,,,Support,"$50,800 ",,,,,Very Good,,,,
,,,,NULL,"$44,400 ",,,,,Average,,,,
,,,,Engineering,"$34,980 ",,,,,Good,,,,
,,,,Support,"$77,260 ",,,,,Average,,,,
,,,,Legal,"$117,940 ",,,,,Average,,,,
,,,,Legal,"$31,040 ",,,,,Good,,,,
,,,,NULL,"$109,140 ",,,,,Average,,,,
,,,,NULL,,,,,,Average,,,,
,,,,Services,"$96,370 ",,,,,Not Rated,,,,
,,,,Services,"$31,170 ",,,,,Average,,,,
,,,,Business Development,"$116,240 ",,,,,Average,,,,
,,,,Product Management,"$115,190 ",,,,,Very Poor,,,,
,,,,Training,"$79,570 ",,,,,Average,,,,
,,,,Training,"$95,680 ",,,,,Very Good,,,,
,,,,Accounting,"$107,110 ",,,,,Good,,,,
,,,,Sales,"$66,100 ",,,,,Poor,,,,
,,,,Legal,"$39,960 ",,,,,Average,,,,
,,,,NULL,"$111,850 ",,,,,Average,,,,
,,,,Business Development,"$29,890 ",,,,,Good,,,,
,,,,Marketing,"$48,170 ",,,,,Good,,,,
,,,,Services,"$99,200 ",,,,,Good,,,,
,,,,Legal,"$72,840 ",,,,,Average,,,,
,,,,Engineering,"$68,970 ",,,,,Average,,,,
,,,,Marketing,"$89,090 ",,,,,Good,,,,
,,,,Engineering,"$86,940 ",,,,,Poor,,,,
,,,,Business Development,"$118,450 ",,,,,Very Good,,,,
,,,,Product Management,"$80,360 ",,,,,Average,,,,
,,,,Marketing,"$104,770 ",,,,,Average,,,,
,,,,Accounting,"$70,440 ",,,,,Very Good,,,,
,,,,Support,"$56,900 ",,,,,Average,,,,
,,,,Human Resources,"$48,530 ",,,,,Very Good,,,,
,,,,Research and Development,,,,,,Average,,,,
,,,,Services,"$72,450 ",,,,,Not Rated,,,,
,,,,Business Development,"$34,500 ",,,,,Not Rated,,,,
,,,,Engineering,"$118,800 ",,,,,Very Good,,,,
,,,,Accounting,,,,,,Not Rated,,,,
,,,,Research and Development,"$115,080 ",,,,,Very Good,,,,
,,,,Sales,"$39,540 ",,,,,Average,,,,
,,,,Human Resources,"$110,770 ",,,,,Average,,,,
,,,,Training,,,,,,Good,,,,
,,,,Accounting,"$106,460 ",,,,,Poor,,,,
,,,,Support,"$94,530 ",,,,,Poor,,,,
,,,,Business Development,"$71,590 ",,,,,Poor,,,,
,,,,Marketing,"$104,900 ",,,,,Good,,,,
,,,,Engineering,"$81,790 ",,,,,Not Rated,,,,
,,,,Support,"$33,050 ",,,,,Average,,,,
,,,,Marketing,"$89,610 ",,,,,Very Good,,,,
,,,,Product Management,"$96,920 ",,,,,Very Poor,,,,
,,,,NULL,"$105,470 ",,,,,Not Rated,,,,
,,,,Accounting,"$98,400 ",,,,,Average,,,,
,,,,Accounting,,,,,,Very Good,,,,
,,,,Human Resources,"$50,020 ",,,,,Average,,,,
,,,,Training,"$71,210 ",,,,,Average,,,,
,,,,Engineering,"$53,180 ",,,,,Average,,,,
,,,,Human Resources,"$107,020 ",,,,,Average,,,,
,,,,Research and Development,"$58,400 ",,,,,Average,,,,
,,,,Accounting,"$49,000 ",,,,,Good,,,,
,,,,Services,"$85,530 ",,,,,Average,,,,
,,,,Training,"$53,950 ",,,,,Poor,,,,
,,,,Services,"$41,140 ",,,,,Average,,,,
,,,,Accounting,"$49,920 ",,,,,Average,,,,
,,,,Research and Development,"$39,700 ",,,,,Average,,,,
,,,,Sales,"$53,540 ",,,,,Poor,,,,
,,,,Marketing,"$43,900 ",,,,,Good,,,,
,,,,Legal,"$72,700 ",,,,,Not Rated,,,,
,,,,Human Resources,"$29,420 ",,,,,Average,,,,
,,,,Legal,"$58,280 ",,,,,Average,,,,
,,,,Research and Development,"$67,980 ",,,,,Average,,,,
,,,,Legal,"$49,760 ",,,,,Very Good,,,,
,,,,Services,"$69,910 ",,,,,Good,,,,
,,,,Training,"$112,370 ",,,,,Average,,,,
,,,,Legal,"$28,580 ",,,,,Average,,,,
,,,,Accounting,"$43,590 ",,,,,Poor,,,,
,,,,Training,"$88,330 ",,,,,Good,,,,
,,,,Training,"$78,840 ",,,,,Average,,,,
,,,,Human Resources,"$61,990 ",,,,,Not Rated,,,,
,,,,Services,"$77,100 ",,,,,Good,,,,
,,,,Marketing,"$66,020 ",,,,,Very Good,,,,
,,,,Marketing,,,,,,Very Poor,,,,
,,,,Support,"$70,930 ",,,,,Average,,,,
,,,,Legal,"$40,980 ",,,,,Very Poor,,,,
,,,,Marketing,"$48,980 ",,,,,Very Poor,,,,
,,,,Training,"$110,820 ",,,,,Good,,,,
,,,,Business Development,"$61,690 ",,,,,Good,,,,
,,,,NULL,"$51,170 ",,,,,Average,,,,
,,,,Support,"$104,800 ",,,,,Average,,,,
,,,,Accounting,"$56,280 ",,,,,Poor,,,,
,,,,Engineering,"$88,380 ",,,,,Good,,,,
,,,,Engineering,"$52,590 ",,,,,Good,,,,
,,,,Services,"$47,650 ",,,,,Poor,,,,
,,,,Sales,"$72,350 ",,,,,Good,,,,
,,,,Accounting,"$39,940 ",,,,,Average,,,,
,,,,Research and Development,"$28,130 ",,,,,Poor,,,,
,,,,Engineering,"$69,460 ",,,,,Very Good,,,,
,,,,Services,"$109,030 ",,,,,Very Good,,,,
,,,,Product Management,"$66,460 ",,,,,Average,,,,
,,,,Training,"$50,810 ",,,,,Not Rated,,,,
,,,,Training,,,,,,Good,,,,
,,,,Legal,"$114,510 ",,,,,Average,,,,
,,,,Business Development,"$86,230 ",,,,,Poor,,,,
,,,,Support,"$73,240 ",,,,,Average,,,,
,,,,Business Development,"$53,920 ",,,,,Poor,,,,
,,,,Engineering,"$113,690 ",,,,,Average,,,,
,,,,Business Development,"$101,790 ",,,,,Average,,,,
,,,,Engineering,"$38,930 ",,,,,Average,,,,
,,,,Human Resources,"$57,090 ",,,,,Very Poor,,,,
,,,,Product Management,"$106,170 ",,,,,Poor,,,,
,,,,Human Resources,"$59,550 ",,,,,Average,,,,
,,,,Product Management,"$89,960 ",,,,,Poor,,,,
,,,,Support,"$58,850 ",,,,,Poor,,,,
,,,,Product Management,"$68,200 ",,,,,Average,,,,
,,,,Marketing,"$90,130 ",,,,,Good,,,,
,,,,Services,"$45,060 ",,,,,Good,,,,
,,,,Product Management,"$66,370 ",,,,,Average,,,,
,,,,Services,"$85,880 ",,,,,Good,,,,
,,,,Accounting,,,,,,Poor,,,,
,,,,Support,"$59,260 ",,,,,Poor,,,,
,,,,Legal,"$61,790 ",,,,,Average,,,,
,,,,Training,"$48,180 ",,,,,Good,,,,
,,,,Product Management,"$74,800 ",,,,,Very Poor,,,,
,,,,Business Development,"$31,020 ",,,,,Average,,,,
,,,,Product Management,"$37,550 ",,,,,Average,,,,
,,,,Marketing,"$72,040 ",,,,,Good,,,,
,,,,Support,"$118,840 ",,,,,Not Rated,,,,
,,,,Human Resources,"$79,570 ",,,,,Average,,,,
,,,,Business Development,"$94,050 ",,,,,Not Rated,,,,
,,,,Product Management,"$81,260 ",,,,,Average,,,,
,,,,Support,"$36,710 ",,,,,Average,,,,
,,,,Sales,"$98,360 ",,,,,Very Poor,,,,
,,,,Human Resources,"$39,680 ",,,,,Poor,,,,
,,,,Sales,"$101,390 ",,,,,Good,,,,
,,,,Business Development,"$80,700 ",,,,,Good,,,,
,,,,Sales,"$78,020 ",,,,,Average,,,,
,,,,Support,"$115,490 ",,,,,Poor,,,,
,,,,NULL,,,,,,Average,,,,
,,,,Product Management,"$111,910 ",,,,,Good,,,,
,,,,Services,"$109,050 ",,,,,Average,,,,
,,,,Training,"$95,680 ",,,,,Average,,,,
,,,,Services,"$109,380 ",,,,,Average,,,,
,,,,Research and Development,"$69,710 ",,,,,Average,,,,
,,,,Support,"$30,000 ",,,,,Average,,,,
,,,,Legal,"$57,620 ",,,,,Very Poor,,,,
,,,,Human Resources,"$35,940 ",,,,,Poor,,,,
,,,,Training,"$101,190 ",,,,,Average,,,,
,,,,Legal,"$48,980 ",,,,,Very Good,,,,
,,,,Legal,"$115,840 ",,,,,Not Rated,,,,
,,,,Sales,,,,,,Very Poor,,,,
,,,,Accounting,"$45,450 ",,,,,Very Good,,,,
,,,,Support,"$54,140 ",,,,,Average,,,,
,,,,Human Resources,"$117,520 ",,,,,Average,,,,
,,,,Legal,,,,,,Average,,,,
,,,,Accounting,"$93,210 ",,,,,Poor,,,,
,,,,Support,"$104,470 ",,,,,Not Rated,,,,
,,,,Training,"$110,890 ",,,,,Poor,,,,
,,,,Research and Development,,,,,,Good,,,,
,,,,Training,"$96,660 ",,,,,Average,,,,
,,,,Services,"$118,360 ",,,,,Average,,,,
,,,,Support,"$88,030 ",,,,,Average,,,,
,,,,Product Management,"$87,810 ",,,,,Not Rated,,,,
,,,,Business Development,"$51,520 ",,,,,Average,,,,
,,,,Sales,"$60,260 ",,,,,Not Rated,,,,
,,,,Support,"$61,210 ",,,,,Average,,,,
,,,,Research and Development,"$52,750 ",,,,,Average,,,,
,,,,Product Management,"$47,270 ",,,,,Average,,,,
,,,,Sales,"$118,060 ",,,,,Good,,,,
,,,,Marketing,"$37,360 ",,,,,Average,,,,
,,,,Business Development,"$66,510 ",,,,,Average,,,,
,,,,Marketing,"$29,530 ",,,,,Very Poor,,,,
,,,,Research and Development,"$60,440 ",,,,,Very Good,,,,
,,,,Engineering,"$90,530 ",,,,,Very Poor,,,,
,,,,Training,"$67,950 ",,,,,Very Good,,,,
,,,,Accounting,"$105,120 ",,,,,Average,,,,
,,,,Training,"$60,570 ",,,,,Good,,,,
,,,,Training,"$119,110 ",,,,,Good,,,,
,,,,Services,"$104,770 ",,,,,Poor,,,,
,,,,Sales,"$70,360 ",,,,,Average,,,,
,,,,Support,"$45,110 ",,,,,Not Rated,,,,
,,,,Research and Development,,,,,,Very Poor,,,,
,,,,Research and Development,,,,,,Not Rated,,,,
,,,,Business Development,"$33,630 ",,,,,Poor,,,,
,,,,Training,"$53,870 ",,,,,Good,,,,
,,,,Engineering,"$111,190 ",,,,,Average,,,,
,,,,Legal,"$29,970 ",,,,,Average,,,,
,,,,Support,"$64,960 ",,,,,Average,,,,
,,,,Product Management,"$111,230 ",,,,,Average,,,,
,,,,Sales,"$99,530 ",,,,,Average,,,,
,,,,Business Development,"$90,880 ",,,,,Not Rated,,,,
,,,,Research and Development,"$35,980 ",,,,,Very Good,,,,
,,,,Business Development,"$72,500 ",,,,,Good,,,,
,,,,Marketing,"$65,700 ",,,,,Very Poor,,,,
,,,,Services,"$109,170 ",,,,,Good,,,,
,,,,Support,"$95,020 ",,,,,Average,,,,
,,,,Product Management,"$72,500 ",,,,,Poor,,,,
,,,,Product Management,"$87,290 ",,,,,Good,,,,
,,,,Engineering,"$97,110 ",,,,,Average,,,,
,,,,Research and Development,"$59,430 ",,,,,Average,,,,
,,,,Marketing,"$112,120 ",,,,,Average,,,,
,,,,Research and Development,"$28,160 ",,,,,Not Rated,,,,
,,,,Legal,"$75,870 ",,,,,Average,,,,
,,,,Support,"$93,270 ",,,,,Average,,,,
,,,,Training,"$42,730 ",,,,,Average,,,,
,,,,Services,"$80,610 ",,,,,Average,,,,
,,,,Services,"$69,060 ",,,,,Very Poor,,,,
,,,,Product Management,"$31,280 ",,,,,Average,,,,
,,,,Business Development,"$96,610 ",,,,,Very Good,,,,
,,,,Business Development,"$37,020 ",,,,,Average,,,,
,,,,Training,"$54,970 ",,,,,Average,,,,
,,,,Services,"$41,910 ",,,,,Poor,,,,
,,,,Support,"$116,970 ",,,,,Very Good,,,,
,,,,Support,"$88,030 ",,,,,Very Good,,,,
,,,,Human Resources,"$86,390 ",,,,,Good,,,,
,,,,Services,"$81,150 ",,,,,Not Rated,,,,
,,,,Accounting,"$71,820 ",,,,,Average,,,,
,,,,Research and Development,"$85,460 ",,,,,Average,,,,
,,,,Business Development,"$91,190 ",,,,,Poor,,,,
,,,,Support,"$93,160 ",,,,,Average,,,,
,,,,Marketing,"$110,950 ",,,,,Poor,,,,
,,,,Product Management,"$35,990 ",,,,,Average,,,,
,,,,Engineering,"$39,970 ",,,,,Average,,,,
,,,,Training,"$79,520 ",,,,,Average,,,,
,,,,Legal,"$52,120 ",,,,,Poor,,,,
,,,,Support,"$60,010 ",,,,,Average,,,,
,,,,Accounting,"$35,440 ",,,,,Good,,,,
,,,,Legal,"$56,370 ",,,,,Average,,,,
,,,,Legal,,,,,,Average,,,,
,,,,Legal,"$105,610 ",,,,,Poor,,,,
,,,,Accounting,"$113,280 ",,,,,Good,,,,
,,,,Engineering,"$41,980 ",,,,,Average,,,,
,,,,Business Development,"$103,670 ",,,,,Average,,,,
,,,,Services,"$89,690 ",,,,,Good,,,,
,,,,Legal,"$96,320 ",,,,,Not Rated,,,,
,,,,Research and Development,"$87,620 ",,,,,Good,,,,
,,,,Research and Development,"$48,250 ",,,,,Poor,,,,
,,,,Marketing,"$85,780 ",,,,,Poor,,,,
,,,,Human Resources,,,,,,Average,,,,
,,,,Sales,"$54,010 ",,,,,Poor,,,,
,,,,Research and Development,"$31,020 ",,,,,Average,,,,
,,,,Product Management,"$75,480 ",,,,,Average,,,,
,,,,Human Resources,"$93,500 ",,,,,Average,,,,
,,,,Services,"$98,630 ",,,,,Good,,,,
,,,,Services,"$76,390 ",,,,,Average,,,,
,,,,Marketing,"$68,010 ",,,,,Average,,,,
,,,,Human Resources,"$58,030 ",,,,,Good,,,,
,,,,Training,"$59,300 ",,,,,Good,,,,
,,,,Product Management,"$51,800 ",,,,,Average,,,,
,,,,Accounting,"$57,930 ",,,,,Very Good,,,,
,,,,Engineering,"$40,530 ",,,,,Average,,,,
,,,,Research and Development,"$48,290 ",,,,,Average,,,,
,,,,Human Resources,,,,,,Average,,,,
,,,,Support,"$63,720 ",,,,,Very Good,,,,
,,,,Sales,"$84,500 ",,,,,Average,,,,
,,,,Accounting,"$67,430 ",,,,,Average,,,,
,,,,Support,"$109,120 ",,,,,Not Rated,,,,
,,,,Business Development,"$69,760 ",,,,,Average,,,,
,,,,Services,"$45,600 ",,,,,Not Rated,,,,
,,,,Business Development,"$33,030 ",,,,,Good,,,,
,,,,Business Development,"$80,170 ",,,,,Average,,,,
,,,,Training,"$43,510 ",,,,,Average,,,,
,,,,Sales,"$49,390 ",,,,,Average,,,,
,,,,Research and Development,"$47,910 ",,,,,Average,,,,
,,,,Sales,"$35,740 ",,,,,Good,,,,
,,,,Support,"$42,240 ",,,,,Very Good,,,,
,,,,Services,"$117,150 ",,,,,Average,,,,
,,,,Engineering,"$36,540 ",,,,,Good,,,,
,,,,Research and Development,"$87,290 ",,,,,Good,,,,
,,,,Research and Development,"$85,720 ",,,,,Average,,,,
,,,,Engineering,"$34,620 ",,,,,Very Good,,,,
,,,,Training,"$62,690 ",,,,,Poor,,,,
,,,,Sales,"$101,390 ",,,,,Average,,,,
,,,,Research and Development,"$30,250 ",,,,,Average,,,,
,,,,Business Development,"$29,530 ",,,,,Not Rated,,,,
,,,,Business Development,"$103,160 ",,,,,Good,,,,
,,,,Legal,"$109,790 ",,,,,Average,,,,
,,,,Accounting,"$33,760 ",,,,,Average,,,,
,,,,Legal,"$36,740 ",,,,,Average,,,,
,,,,Product Management,"$111,910 ",,,,,Not Rated,,,,
,,,,Product Management,"$31,240 ",,,,,Poor,,,,
,,,,Legal,"$75,730 ",,,,,Not Rated,,,,
,,,,Engineering,"$50,860 ",,,,,Not Rated,,,,
,,,,Sales,"$99,530 ",,,,,Not Rated,,,,
,,,,Support,"$43,200 ",,,,,Very Good,,,,
,,,,Services,"$84,200 ",,,,,Good,,,,
,,,,Legal,"$95,980 ",,,,,Average,,,,
,,,,Business Development,"$69,190 ",,,,,Good,,,,
,,,,Product Management,"$65,920 ",,,,,Good,,,,
,,,,Legal,"$113,620 ",,,,,Poor,,,,
,,,,Sales,"$60,140 ",,,,,Average,,,,
,,,,Research and Development,"$92,450 ",,,,,Not Rated,,,,
,,,,Human Resources,"$34,650 ",,,,,Average,,,,
,,,,Services,"$84,740 ",,,,,Average,,,,
,,,,Business Development,"$88,360 ",,,,,Average,,,,
,,,,Services,"$116,220 ",,,,,Poor,,,,
,,,,Services,"$45,060 ",,,,,Average,,,,
,,,,Services,"$106,890 ",,,,,Average,,,,
,,,,Legal,"$28,480 ",,,,,Poor,,,,
,,,,Business Development,,,,,,Good,,,,
,,,,Marketing,"$107,440 ",,,,,Poor,,,,
,,,,Legal,"$57,620 ",,,,,Good,,,,
,,,,Human Resources,"$29,810 ",,,,,Average,,,,
,,,,Training,"$105,330 ",,,,,Poor,,,,
,,,,Legal,"$43,110 ",,,,,Average,,,,
,,,,Support,"$52,630 ",,,,,Average,,,,
,,,,Sales,"$46,350 ",,,,,Average,,,,
,,,,NULL,"$39,800 ",,,,,Good,,,,
,,,,Human Resources,"$108,170 ",,,,,Not Rated,,,,
,,,,Services,"$69,730 ",,,,,Very Poor,,,,
,,,,Product Management,"$110,200 ",,,,,Average,,,,
,,,,Legal,"$116,090 ",,,,,Not Rated,,,,
,,,,Business Development,"$52,140 ",,,,,Average,,,,
,,,,Engineering,"$32,810 ",,,,,Average,,,,
,,,,Sales,"$59,430 ",,,,,Average,,,,
,,,,Legal,"$46,990 ",,,,,Average,,,,
,,,,Sales,"$33,560 ",,,,,Average,,,,
,,,,Sales,"$33,890 ",,,,,Average,,,,
,,,,Training,"$51,740 ",,,,,Poor,,,,
,,,,Accounting,"$51,650 ",,,,,Good,,,,
,,,,Research and Development,"$115,980 ",,,,,Good,,,,
,,,,Sales,"$58,370 ",,,,,Good,,,,
,,,,Research and Development,"$59,430 ",,,,,Average,,,,
,,,,Product Management,"$106,670 ",,,,,Average,,,,
,,,,Accounting,"$44,850 ",,,,,Very Good,,,,
,,,,Accounting,"$75,600 ",,,,,Average,,,,
,,,,Product Management,"$69,120 ",,,,,Average,,,,
,,,,Human Resources,"$31,200 ",,,,,Very Poor,,,,
,,,,Services,"$42,160 ",,,,,Very Good,,,,
,,,,Services,"$110,830 ",,,,,Average,,,,
,,,,Marketing,"$83,180 ",,,,,Average,,,,
,,,,Research and Development,"$87,620 ",,,,,Very Good,,,,
,,,,Research and Development,"$46,750 ",,,,,Good,,,,
,,,,Business Development,"$78,540 ",,,,,Average,,,,
,,,,Human Resources,"$106,930 ",,,,,Very Poor,,,,
,,,,Research and Development,"$77,000 ",,,,,Average,,,,
,,,,Product Management,"$74,920 ",,,,,Average,,,,
,,,,Accounting,"$36,550 ",,,,,Average,,,,
,,,,Accounting,"$95,950 ",,,,,Average,,,,
,,,,Services,"$85,880 ",,,,,Very Good,,,,
,,,,Sales,"$77,910 ",,,,,Average,,,,
,,,,Human Resources,"$116,670 ",,,,,Average,,,,
,,,,Support,"$92,190 ",,,,,Not Rated,,,,
,,,,Support,"$71,920 ",,,,,Poor,,,,
,,,,Product Management,"$66,370 ",,,,,Average,,,,
,,,,Sales,"$39,340 ",,,,,Good,,,,
,,,,Marketing,,,,,,Average,,,,
,,,,Human Resources,"$103,490 ",,,,,Good,,,,
,,,,Legal,"$87,740 ",,,,,Average,,,,
,,,,Marketing,"$113,980 ",,,,,Poor,,,,
,,,,Sales,,,,,,Average,,,,
,,,,Engineering,"$41,600 ",,,,,Good,,,,
,,,,Accounting,"$76,300 ",,,,,Good,,,,
,,,,Engineering,"$114,470 ",,,,,Very Good,,,,
,,,,Marketing,"$31,050 ",,,,,Good,,,,
,,,,Training,"$76,620 ",,,,,Average,,,,
,,,,Engineering,"$76,190 ",,,,,Poor,,,,
,,,,Research and Development,"$50,450 ",,,,,Average,,,,
,,,,Services,"$29,330 ",,,,,Average,,,,
,,,,Marketing,"$76,930 ",,,,,Average,,,,
,,,,Human Resources,"$33,800 ",,,,,Average,,,,
,,,,Marketing,"$44,820 ",,,,,Average,,,,
,,,,Engineering,"$67,010 ",,,,,Good,,,,
,,,,Research and Development,"$84,310 ",,,,,Average,,,,
,,,,Legal,"$108,600 ",,,,,Very Good,,,,
,,,,Product Management,"$47,000 ",,,,,Good,,,,
,,,,Product Management,"$59,810 ",,,,,Average,,,,
,,,,Legal,"$90,340 ",,,,,Average,,,,
,,,,Training,"$41,600 ",,,,,Poor,,,,
,,,,Sales,"$72,350 ",,,,,Poor,,,,
,,,,Legal,"$64,270 ",,,,,Average,,,,
,,,,Accounting,"$103,990 ",,,,,Very Good,,,,
,,,,Sales,"$70,380 ",,,,,Good,,,,
,,,,Legal,"$89,020 ",,,,,Average,,,,
,,,,Legal,"$113,750 ",,,,,Average,,,,
,,,,Accounting,,,,,,Average,,,,
,,,,Engineering,"$32,720 ",,,,,Average,,,,
,,,,Services,"$61,920 ",,,,,Average,,,,
,,,,Marketing,"$74,600 ",,,,,Very Good,,,,
,,,,Training,"$38,030 ",,,,,Average,,,,
,,,,Services,"$30,940 ",,,,,Very Poor,,,,
,,,,Services,"$28,870 ",,,,,Average,,,,
,,,,Marketing,"$71,210 ",,,,,Very Good,,,,
,,,,Training,"$63,450 ",,,,,Good,,,,
,,,,Services,"$87,930 ",,,,,Very Poor,,,,
,,,,Research and Development,"$69,070 ",,,,,Average,,,,
,,,,Business Development,"$101,610 ",,,,,Average,,,,
,,,,Services,"$28,310 ",,,,,Average,,,,
,,,,Legal,"$89,840 ",,,,,Very Good,,,,
,,,,Support,"$96,250 ",,,,,Average,,,,
,,,,Product Management,"$112,460 ",,,,,Poor,,,,
,,,,Human Resources,"$115,440 ",,,,,Average,,,,
,,,,Training,"$33,920 ",,,,,Average,,,,
,,,,Support,"$46,280 ",,,,,Average,,,,
,,,,Support,"$58,940 ",,,,,Average,,,,
,,,,Marketing,"$118,980 ",,,,,Not Rated,,,,
,,,,Sales,"$96,750 ",,,,,Average,,,,
,,,,Legal,"$101,220 ",,,,,Good,,,,
,,,,Product Management,"$63,020 ",,,,,Average,,,,
,,,,Business Development,"$75,920 ",,,,,Good,,,,
,,,,Legal,"$93,080 ",,,,,Average,,,,
,,,,Sales,"$68,860 ",,,,,Good,,,,
,,,,Engineering,"$118,980 ",,,,,Poor,,,,
,,,,Legal,"$106,460 ",,,,,Good,,,,
,,,,Business Development,"$70,650 ",,,,,Good,,,,
,,,,NULL,"$101,120 ",,,,,Very Good,,,,
,,,,Sales,"$77,050 ",,,,,Good,,,,
,,,,Sales,"$41,930 ",,,,,Poor,,,,
,,,,Legal,"$89,360 ",,,,,Good,,,,
,,,,Legal,"$37,840 ",,,,,Poor,,,,
,,,,Business Development,"$89,160 ",,,,,Average,,,,
,,,,Training,"$74,110 ",,,,,Very Good,,,,
,,,,Services,"$31,630 ",,,,,Poor,,,,
,,,,Research and Development,"$40,910 ",,,,,Poor,,,,
,,,,Sales,"$32,190 ",,,,,Average,,,,
,,,,Human Resources,"$73,490 ",,,,,Poor,,,,
,,,,Product Management,"$52,220 ",,,,,Average,,,,
,,,,Support,"$68,900 ",,,,,Average,,,,
,,,,Sales,"$83,750 ",,,,,Average,,,,
,,,,Support,"$110,970 ",,,,,Not Rated,,,,
,,,,Business Development,"$49,520 ",,,,,Average,,,,
,,,,Business Development,"$86,560 ",,,,,Average,,,,
,,,,Support,"$35,830 ",,,,,Average,,,,
,,,,Support,"$53,910 ",,,,,Good,,,,
,,,,Engineering,"$109,870 ",,,,,Average,,,,
,,,,Engineering,"$61,620 ",,,,,Average,,,,
,,,,Human Resources,"$67,960 ",,,,,Average,,,,
,,,,Training,"$57,000 ",,,,,Very Poor,,,,
,,,,Sales,"$70,610 ",,,,,Average,,,,
,,,,Training,"$51,860 ",,,,,Good,,,,
,,,,Engineering,"$60,130 ",,,,,Average,,,,
,,,,Research and Development,"$72,040 ",,,,,Poor,,,,
,,,,Product Management,"$108,450 ",,,,,Good,,,,
,,,,Marketing,"$58,260 ",,,,,Average,,,,
,,,,NULL,"$112,650 ",,,,,Average,,,,
,,,,Human Resources,"$106,930 ",,,,,Average,,,,
,,,,Research and Development,"$70,020 ",,,,,Average,,,,
,,,,Engineering,,,,,,Good,,,,
,,,,Human Resources,"$35,670 ",,,,,Average,,,,
,,,,Sales,,,,,,Average,,,,
,,,,Accounting,"$67,630 ",,,,,Average,,,,
,,,,Human Resources,"$82,300 ",,,,,Not Rated,,,,
,,,,Business Development,"$114,870 ",,,,,Not Rated,,,,
,,,,Sales,"$71,030 ",,,,,Average,,,,
,,,,Research and Development,"$52,750 ",,,,,Average,,,,
,,,,Support,"$85,670 ",,,,,Average,,,,
,,,,Product Management,,,,,,Good,,,,
,,,,Business Development,"$61,700 ",,,,,Average,,,,
,,,,Legal,"$66,140 ",,,,,Good,,,,
,,,,Marketing,"$51,860 ",,,,,Good,,,,
,,,,Human Resources,"$52,670 ",,,,,Average,,,,
,,,,Legal,"$61,210 ",,,,,Not Rated,,,,
,,,,Business Development,"$68,980 ",,,,,Average,,,,
,,,,Accounting,"$29,610 ",,,,,Average,,,,
,,,,Engineering,"$114,430 ",,,,,Good,,,,
,,,,Product Management,"$53,760 ",,,,,Average,,,,
,,,,Sales,"$91,310 ",,,,,Average,,,,
,,,,Services,"$117,840 ",,,,,Average,,,,
,,,,Product Management,"$31,830 ",,,,,Average,,,,
,,,,Legal,"$32,980 ",,,,,Not Rated,,,,
,,,,Engineering,"$47,360 ",,,,,Poor,,,,
,,,,Engineering,"$86,740 ",,,,,Very Good,,,,
,,,,Support,"$87,400 ",,,,,Average,,,,
,,,,Engineering,"$61,620 ",,,,,Poor,,,,
,,,,Business Development,"$75,090 ",,,,,Average,,,,
,,,,Accounting,"$78,020 ",,,,,Average,,,,
,,,,Services,"$88,690 ",,,,,Very Good,,,,
,,,,Research and Development,"$92,340 ",,,,,Good,,,,
,,,,NULL,"$99,480 ",,,,,Poor,,,,
,,,,Business Development,"$80,700 ",,,,,Poor,,,,
,,,,Business Development,"$58,830 ",,,,,Poor,,,,
,,,,Research and Development,"$32,140 ",,,,,Good,,,,
,,,,Accounting,"$102,520 ",,,,,Poor,,,,
,,,,Human Resources,"$79,590 ",,,,,Very Poor,,,,
,,,,Support,"$28,970 ",,,,,Very Good,,,,
,,,,Marketing,,,,,,Not Rated,,,,
,,,,Human Resources,"$92,700 ",,,,,Average,,,,
,,,,Accounting,"$36,150 ",,,,,Poor,,,,
,,,,Legal,"$61,210 ",,,,,Average,,,,
,,,,Accounting,"$52,960 ",,,,,Average,,,,
,,,,Training,"$84,170 ",,,,,Not Rated,,,,
,,,,Product Management,"$31,920 ",,,,,Average,,,,
,,,,Product Management,"$104,210 ",,,,,Very Good,,,,
,,,,Product Management,,,,,,Good,,,,
,,,,Product Management,"$38,440 ",,,,,Poor,,,,
,,,,Engineering,"$114,430 ",,,,,Very Good,,,,
,,,,Product Management,"$104,340 ",,,,,Poor,,,,
,,,,Marketing,"$40,750 ",,,,,Very Poor,,,,
,,,,Training,"$98,020 ",,,,,Very Good,,,,
,,,,Sales,"$96,620 ",,,,,Poor,,,,
,,,,Research and Development,"$40,400 ",,,,,Very Good,,,,
,,,,Product Management,"$81,220 ",,,,,Poor,,,,
,,,,Training,"$33,840 ",,,,,Not Rated,,,,
,,,,Research and Development,"$75,880 ",,,,,Average,,,,
,,,,Engineering,"$81,380 ",,,,,Not Rated,,,,
,,,,Research and Development,"$71,490 ",,,,,Not Rated,,,,
,,,,Product Management,"$91,930 ",,,,,Average,,,,
,,,,Engineering,"$107,790 ",,,,,Average,,,,
,,,,Services,,,,,,Very Good,,,,
,,,,Product Management,"$69,970 ",,,,,Average,,,,
,,,,Engineering,"$44,300 ",,,,,Poor,,,,
,,,,Accounting,"$114,180 ",,,,,Very Good,,,,
,,,,Human Resources,"$85,330 ",,,,,Average,,,,
,,,,NULL,"$65,130 ",,,,,Average,,,,
,,,,Sales,"$36,820 ",,,,,Good,,,,
,,,,Marketing,"$116,890 ",,,,,Average,,,,
,,,,Research and Development,"$78,710 ",,,,,Poor,,,,
,,,,Accounting,"$86,470 ",,,,,Average,,,,
,,,,Research and Development,"$35,980 ",,,,,Good,,,,
,,,,Support,"$77,110 ",,,,,Average,,,,
,,,,Product Management,"$86,570 ",,,,,Very Poor,,,,
,,,,Business Development,"$117,850 ",,,,,Good,,,,
,,,,Marketing,"$116,500 ",,,,,Not Rated,,,,
,,,,Accounting,"$80,030 ",,,,,Poor,,,,
,,,,Support,"$58,940 ",,,,,Average,,,,
,,,,Human Resources,"$76,320 ",,,,,Good,,,,
,,,,Support,"$110,730 ",,,,,Very Good,,,,
,,,,Training,"$86,990 ",,,,,Poor,,,,
,,,,Legal,,,,,,Average,,,,
,,,,Marketing,"$74,410 ",,,,,Good,,,,
,,,,Marketing,"$87,610 ",,,,,Good,,,,
,,,,Business Development,"$103,340 ",,,,,Good,,,,
,,,,Business Development,"$46,470 ",,,,,Average,,,,
,,,,Legal,"$108,290 ",,,,,Very Poor,,,,
,,,,Engineering,"$78,640 ",,,,,Good,,,,
,,,,Sales,"$75,990 ",,,,,Average,,,,
,,,,Sales,"$55,280 ",,,,,Average,,,,
,,,,Accounting,"$98,010 ",,,,,Average,,,,
,,,,Human Resources,"$50,310 ",,,,,Average,,,,
,,,,Marketing,"$91,360 ",,,,,Average,,,,
,,,,Accounting,"$115,920 ",,,,,Good,,,,
,,,,Engineering,"$56,870 ",,,,,Poor,,,,
,,,,Support,"$75,970 ",,,,,Very Good,,,,
,,,,Accounting,"$52,270 ",,,,,Good,,,,
,,,,Business Development,"$39,780 ",,,,,Not Rated,,,,
,,,,Services,"$58,960 ",,,,,Average,,,,
,,,,Training,"$37,900 ",,,,,Good,,,,
,,,,Business Development,"$89,160 ",,,,,Good,,,,
,,,,Sales,"$45,510 ",,,,,Good,,,,
,,,,Product Management,"$66,610 ",,,,,Average,,,,
,,,,Sales,"$44,120 ",,,,,Very Poor,,,,
,,,,Services,"$32,270 ",,,,,Average,,,,
,,,,Engineering,"$37,130 ",,,,,Not Rated,,,,
,,,,Sales,"$45,590 ",,,,,Good,,,,
,,,,Accounting,"$94,070 ",,,,,Average,,,,
,,,,Services,"$89,690 ",,,,,Not Rated,,,,
,,,,Services,"$41,220 ",,,,,Average,,,,
,,,,Accounting,"$119,930 ",,,,,Average,,,,
,,,,Human Resources,"$60,580 ",,,,,Not Rated,,,,
,,,,Engineering,"$94,820 ",,,,,Average,,,,
,,,,Accounting,"$38,830 ",,,,,Good,,,,
,,,,NULL,"$91,450 ",,,,,Average,,,,
,,,,Engineering,"$28,870 ",,,,,Very Good,,,,
,,,,Marketing,"$70,760 ",,,,,Good,,,,
,,,,Product Management,"$106,170 ",,,,,Good,,,,
,,,,Research and Development,"$71,540 ",,,,,Average,,,,
,,,,Research and Development,"$104,680 ",,,,,Average,,,,
,,,,Training,"$63,370 ",,,,,Average,,,,
,,,,Accounting,"$106,460 ",,,,,Good,,,,
,,,,Business Development,"$106,400 ",,,,,Average,,,,
,,,,Marketing,"$36,920 ",,,,,Average,,,,
,,,,Services,"$42,160 ",,,,,Average,,,,
,,,,Human Resources,"$57,820 ",,,,,Average,,,,
,,,,Business Development,"$93,740 ",,,,,Average,,,,
,,,,Training,"$93,960 ",,,,,Poor,,,,
,,,,Marketing,"$107,220 ",,,,,Average,,,,
,,,,Training,"$90,150 ",,,,,Very Good,,,,
,,,,Engineering,"$94,020 ",,,,,Good,,,,
,,,,Marketing,"$42,970 ",,,,,Good,,,,
,,,,Legal,"$33,410 ",,,,,Average,,,,
,,,,Product Management,"$119,670 ",,,,,Average,,,,
,,,,Accounting,"$115,380 ",,,,,Average,,,,
,,,,Support,"$75,010 ",,,,,Good,,,,
,,,,Accounting,"$104,120 ",,,,,Good,,,,
,,,,Research and Development,"$82,680 ",,,,,Very Poor,,,,
,,,,Accounting,"$52,250 ",,,,,Very Poor,,,,
,,,,Sales,"$83,190 ",,,,,Average,,,,
,,,,Product Management,"$69,120 ",,,,,Average,,,,
,,,,Training,,,,,,Good,,,,
,,,,NULL,"$41,570 ",,,,,Average,,,,
,,,,Accounting,"$83,590 ",,,,,Poor,,,,
,,,,Research and Development,"$107,700 ",,,,,Very Good,,,,
,,,,Sales,"$102,130 ",,,,,Average,,,,
,,,,Legal,"$116,090 ",,,,,Average,,,,
,,,,Engineering,"$74,360 ",,,,,Good,,,,
,,,,Services,"$42,310 ",,,,,Not Rated,,,,
,,,,Engineering,"$78,440 ",,,,,Poor,,,,
,,,,Support,"$113,760 ",,,,,Good,,,,
,,,,Services,"$93,880 ",,,,,Average,,,,
,,,,Legal,"$85,000 ",,,,,Poor,,,,
,,,,Human Resources,"$72,550 ",,,,,Average,,,,
,,,,Legal,"$72,360 ",,,,,Poor,,,,
,,,,Accounting,"$114,890 ",,,,,Average,,,,
,,,,Marketing,"$107,580 ",,,,,Poor,,,,
,,,,Research and Development,"$36,040 ",,,,,Average,,,,
,,,,NULL,"$58,310 ",,,,,Average,,,,
,,,,Product Management,"$35,010 ",,,,,Average,,,,
,,,,Research and Development,"$74,280 ",,,,,Average,,,,
,,,,Research and Development,"$115,790 ",,,,,Very Poor,,,,
,,,,Support,"$38,330 ",,,,,Average,,,,
,,,,Business Development,"$70,270 ",,,,,Very Good,,,,
,,,,Support,"$37,060 ",,,,,Average,,,,
,,,,Training,"$53,870 ",,,,,Good,,,,
,,,,Human Resources,,,,,,Average,,,,
,,,,Research and Development,"$84,310 ",,,,,Good,,,,
,,,,Research and Development,"$58,100 ",,,,,Very Good,,,,
,,,,Support,"$99,780 ",,,,,Very Good,,,,
,,,,Accounting,"$119,020 ",,,,,Poor,,,,
,,,,Engineering,"$92,940 ",,,,,Good,,,,
,,,,Training,"$59,670 ",,,,,Not Rated,,,,
,,,,NULL,"$41,000 ",,,,,Not Rated,,,,
,,,,Marketing,"$77,470 ",,,,,Good,,,,
,,,,Engineering,"$45,650 ",,,,,Good,,,,
,,,,Engineering,"$88,430 ",,,,,Average,,,,
,,,,Human Resources,"$36,880 ",,,,,Good,,,,
,,,,Business Development,"$106,400 ",,,,,Poor,,,,
,,,,Services,"$111,820 ",,,,,Very Good,,,,
,,,,Human Resources,"$92,870 ",,,,,Average,,,,
,,,,Business Development,"$100,360 ",,,,,Average,,,,
,,,,Research and Development,"$46,750 ",,,,,Average,,,,
,,,,Business Development,"$48,950 ",,,,,Good,,,,
,,,,Sales,"$52,810 ",,,,,Poor,,,,
,,,,Legal,"$78,560 ",,,,,Very Poor,,,,
,,,,Support,"$75,280 ",,,,,Average,,,,
,,,,Training,"$93,130 ",,,,,Poor,,,,
,,,,Business Development,"$105,290 ",,,,,Very Poor,,,,
,,,,Training,"$108,340 ",,,,,Not Rated,,,,
,,,,Legal,"$31,090 ",,,,,Average,,,,
,,,,Business Development,"$101,420 ",,,,,Average,,,,
,,,,Business Development,"$54,780 ",,,,,Very Good,,,,
,,,,Support,"$63,560 ",,,,,Very Good,,,,
,,,,Research and Development,"$68,480 ",,,,,Poor,,,,
,,,,Legal,"$99,460 ",,,,,Average,,,,
,,,,Services,"$100,420 ",,,,,Poor,,,,
,,,,Human Resources,"$39,650 ",,,,,Average,,,,
,,,,Training,"$56,250 ",,,,,Average,,,,
,,,,Marketing,"$57,640 ",,,,,Average,,,,
,,,,Engineering,"$43,150 ",,,,,Very Good,,,,
,,,,Accounting,"$106,080 ",,,,,Not Rated,,,,
,,,,Sales,"$29,590 ",,,,,Good,,,,
,,,,Accounting,"$86,240 ",,,,,Average,,,,
,,,,Product Management,"$36,480 ",,,,,Average,,,,
,,,,Business Development,,,,,,Average,,,,
,,,,Marketing,"$48,590 ",,,,,Very Poor,,,,
,,,,Engineering,"$41,670 ",,,,,Average,,,,
,,,,Support,"$107,340 ",,,,,Very Good,,,,
,,,,Research and Development,"$62,280 ",,,,,Not Rated,,,,
,,,,Services,"$37,920 ",,,,,Not Rated,,,,
,,,,Support,,,,,,Average,,,,
,,,,Support,"$75,970 ",,,,,Average,,,,
,,,,Services,"$92,010 ",,,,,Very Poor,,,,
,,,,Human Resources,"$69,860 ",,,,,Poor,,,,
,,,,Training,"$59,560 ",,,,,Very Good,,,,
,,,,Engineering,"$114,810 ",,,,,Average,,,,
,,,,Product Management,"$66,870 ",,,,,Not Rated,,,,
,,,,Human Resources,"$113,790 ",,,,,Very Poor,,,,
,,,,Legal,"$38,250 ",,,,,Average,,,,
,,,,Support,"$48,090 ",,,,,Not Rated,,,,
,,,,Accounting,"$99,630 ",,,,,Average,,,,
,,,,Product Management,"$86,340 ",,,,,Poor,,,,
,,,,Sales,"$88,590 ",,,,,Average,,,,
,,,,Support,"$61,100 ",,,,,Average,,,,
,,,,Product Management,"$71,240 ",,,,,Average,,,,
,,,,Sales,"$114,650 ",,,,,Very Poor,,,,
,,,,Sales,"$76,210 ",,,,,Good,,,,
,,,,Human Resources,"$76,900 ",,,,,Very Good,,,,
,,,,Business Development,"$116,590 ",,,,,Very Good,,,,
,,,,Engineering,"$78,390 ",,,,,Average,,,,
,,,,Accounting,"$103,610 ",,,,,Poor,,,,
,,,,Engineering,"$98,110 ",,,,,Good,,,,
,,,,Human Resources,"$33,960 ",,,,,Not Rated,,,,
,,,,Business Development,"$112,110 ",,,,,Not Rated,,,,
,,,,Product Management,"$59,810 ",,,,,Good,,,,
,,,,Training,"$91,310 ",,,,,Average,,,,
,,,,Business Development,"$71,370 ",,,,,Average,,,,
,,,,Training,"$71,570 ",,,,,Not Rated,,,,
,,,,Product Management,"$119,670 ",,,,,Not Rated,,,,
,,,,Marketing,"$67,910 ",,,,,Average,,,,
,,,,Support,"$100,370 ",,,,,Average,,,,
,,,,Business Development,"$90,240 ",,,,,Poor,,,,
,,,,Engineering,"$75,870 ",,,,,Average,,,,
,,,,Training,"$58,740 ",,,,,Not Rated,,,,
,,,,Legal,"$32,500 ",,,,,Average,,,,
